,Number of customers,Runtimes for add_zero_months (seconds),Runtimes for add_1_monthly_flags (seconds),Runtimes for add_12_monthly_flags (seconds)
0,2,0.011114358901977539,0.17549490928649902,0.16752123832702637
1,50,0.47402524948120117,4.849459409713745,4.692113637924194
2,100,1.7008686065673828,14.170459747314453,28.074713468551636
3,500,167.43190002441406,101.55593419075012,102.11545610427856
4,1000,347.3398196697235,219.90104126930237,307.0188467502594
